{"degree_moyen": 12.1, "degree_max": 21, "degree_min": 4, "noeud_max_degree": "biographie", "noeud_min_degree": "paris", "degree_moyen_connectiv": {"16": 12.53125, "8": 15.875, "21": 11.523809523809524, "11": 14.575757575757576, "12": 14.0, "18": 12.222222222222221, "13": 13.307692307692308, "9": 15.444444444444445, "14": 12.642857142857142, "4": 17.0, "7": 16.142857142857142, "10": 15.2}, "coefficient_clustering": 0.7283630555031484, "degres_voisin_moy": {"bill": 12.5625, "arts": 15.25, "biographie": 11.523809523809524, "cette": 14.636363636363637, "dans": 14.0, "elle": 14.0, "lyon": 11.523809523809524, "pour": 14.636363636363637, "york": 12.222222222222221, "berlin": 13.307692307692308, "brussels": 16.5, "london": 15.444444444444445, "marseille": 12.642857142857142, "paris": 17.0, "salle": 12.5, "canada": 13.307692307692308, "galerie": 16.714285714285715, "gallery": 15.2, "saturday": 14.454545454545455, "centre": 15.571428571428571}, "moy_connect_noeud": 9.426315789473684, "size": 121}