{"degree_moyen": 2.2545454545454544, "degree_max": 6, "degree_min": 1, "noeud_max_degree": "L'espace d'en bas", "noeud_min_degree": "Super F-97", "degree_moyen_connectiv": {"2": 2.9375, "4": 3.3214285714285716, "3": 3.3333333333333335, "1": 2.5, "5": 3.6666666666666665, "6": 4.0}, "coefficient_clustering": 0.24303030303030307, "degres_voisin_moy": {"VARIAe": 2.5, "INTERIOR and the collectors": 4.75, "Le Commissariat": 3.6666666666666665, "40mcube": 5.666666666666667, "Super F-97": 3.0, "Treize": 1.3333333333333333, "Arprim": 1.0, "o zwei": 3.0, "ACUD": 1.0, "Art City": 2.5, "Bruit de fond": 2.3333333333333335, "Lieu d'exposition en voie de d\u00e9placement (LEVD)": 2.8, "DAS ESSZIMMER": 5.0, "KABINET": 3.25, "TCB": 1.0, "table": 1.0, "Poteaux d'angle": 3.25, "Faux Mouvement": 3.0, "BLINDSIDE": 1.0, "Grande Surface": 4.5, "\u00c0 Suivre...": 1.0, "Artexte": 3.5, "3 137": 2.0, "Atelier de l\u2019\u00cele": 6.0, "Clovis XV": 4.0, "Arnica": 2.5, "Rotgr\u00fcn (rg) Sredzkistra\u00dfe 64": 1.0, "63rd - 77th STEPS": 2.0, "221A": 4.0, "Open Space": 1.6666666666666667, "aceartinc.": 1.25, "Le g\u00e9n\u00e9rateur": 2.0, "AdMare": 2.0, "La Couleuvre": 3.6666666666666665, "Art Metropole": 4.0, "3e imp\u00e9rial": 4.6, "ELA projects": 1.0, "Triangle": 3.6666666666666665, "Les Limbes": 4.0, "COHERENT": 4.0, "MILLE FEUILLES": 4.0, "CONICAL": 1.0, "AKA": 1.0, "Western Front": 3.0, "Glassbox": 4.0, "Wohnmaschine": 4.25, "apes&castles": 3.6, "In extenso ": 5.0, "L'espace d'en bas": 3.5, "Espace 29": 4.0, "ChezKit": 3.0, "DISPLAY": 3.5, "Apparatus Projects": 1.0, "La Maudite": 2.0, "La Confection Id\u00e9ale": 4.5}, "moy_connect_noeud": 0.43703703703703706, "size": 62}