{"degree_moyen": 2.3448275862068964, "degree_max": 8, "degree_min": 1, "noeud_max_degree": "La Confection Id\u00e9ale", "noeud_min_degree": "PLATEFORME", "degree_moyen_connectiv": {"4": 3.107142857142857, "5": 4.866666666666666, "3": 3.7916666666666665, "1": 3.0344827586206895, "6": 3.5555555555555554, "2": 3.2142857142857144, "8": 5.0}, "coefficient_clustering": 0.23243021346469625, "degres_voisin_moy": {"VARIAe": 1.75, "INTERIOR and the collectors": 5.6, "Le Commissariat": 4.0, "40mcube": 6.333333333333333, "PLATEFORME": 4.0, "Super F-97": 3.0, "Treize": 3.0, "Arprim": 1.0, "o zwei": 3.5, "ACUD": 1.0, "Art City": 2.5, "Bruit de fond": 2.3333333333333335, "Lieu d'exposition en voie de d\u00e9placement (LEVD)": 3.8333333333333335, "DAS ESSZIMMER": 5.0, "KABINET": 3.25, "TCB": 1.0, "table": 1.0, "Poteaux d'angle": 3.5, "Le Hall": 4.0, "Faux Mouvement": 6.0, "BLINDSIDE": 1.0, "Grande Surface": 4.5, "\u00c0 Suivre...": 1.0, "Artexte": 3.5, "3 137": 2.0, "Atelier de l\u2019\u00cele": 6.0, "Clovis XV": 4.0, "Arnica": 2.5, "Rotgr\u00fcn (rg) Sredzkistra\u00dfe 64": 1.0, "63rd - 77th STEPS": 2.0, "221A": 4.0, "Open Space": 1.6666666666666667, "aceartinc.": 1.25, "Le g\u00e9n\u00e9rateur": 3.5, "AdMare": 4.0, "La Couleuvre": 4.0, "Art Metropole": 4.0, "L'impasse": 6.0, "3e imp\u00e9rial": 5.0, "ELA projects": 1.0, "Triangle": 4.0, "Les Limbes": 4.0, "COHERENT": 4.0, "MILLE FEUILLES": 4.0, "CONICAL": 1.0, "AKA": 1.0, "Western Front": 3.0, "Glassbox": 4.0, "Wohnmaschine": 4.25, "apes&castles": 4.0, "In extenso ": 6.0, "L'espace d'en bas": 3.8333333333333335, "Espace 29": 4.0, "ChezKit": 6.0, "DISPLAY": 4.25, "Apparatus Projects": 1.0, "La Maudite": 2.0, "La Confection Id\u00e9ale": 5.0}, "moy_connect_noeud": 0.5771324863883848, "size": 68}