{"degree_moyen": 6.8, "degree_max": 11, "degree_min": 5, "noeud_max_degree": "communication", "noeud_min_degree": "geometry", "degree_moyen_connectiv": {"11": 6.181818181818182, "7": 6.714285714285714, "5": 8.6}, "coefficient_clustering": 0.634920634920635, "degres_voisin_moy": {"communication": 6.181818181818182, "aesthetics": 6.714285714285714, "geometry": 8.6, "humanities_occupations": 6.181818181818182, "nothing": 8.6, "space": 8.6, "spacetime": 8.6, "topology": 8.6, "arts": 6.714285714285714, "visual_arts": 6.714285714285714}, "moy_connect_noeud": 5.488888888888889, "size": 34}