{"degree_moyen": 14.3, "degree_max": 21, "degree_min": 6, "noeud_max_degree": "articles_containing_video_clips", "noeud_min_degree": "aesthetics", "degree_moyen_connectiv": {"21": 13.619047619047619, "6": 21.0, "14": 15.571428571428571, "16": 15.5, "11": 18.0, "10": 18.2}, "coefficient_clustering": 0.8105219561140613, "degres_voisin_moy": {"articles_containing_video_clips": 13.619047619047619, "aesthetics": 21.0, "exhibitions": 13.619047619047619, "marketing": 13.619047619047619, "museum_design": 13.619047619047619, "public_relations": 13.619047619047619, "sociological_terminology": 13.619047619047619, "artists": 15.571428571428571, "arts": 21.0, "arts_occupations": 15.571428571428571, "communication": 15.5, "geometry": 18.0, "humanities_occupations": 15.571428571428571, "nothing": 18.0, "redirects_from_plurals": 18.2, "related_lists": 15.571428571428571, "space": 18.0, "spacetime": 18.0, "topology": 18.0, "visual_arts": 18.0}, "moy_connect_noeud": 11.263157894736842, "size": 143}