{"degree_moyen": 6.2, "degree_max": 11, "degree_min": 5, "noeud_max_degree": "communication", "noeud_min_degree": "geometry", "degree_moyen_connectiv": {"11": 5.636363636363637, "6": 6.0, "5": 7.4, "7": 6.142857142857143}, "coefficient_clustering": 0.47976190476190483, "degres_voisin_moy": {"communication": 5.636363636363637, "aesthetics": 6.0, "geometry": 7.4, "nothing": 7.4, "space": 7.4, "spacetime": 7.4, "topology": 7.4, "arts": 6.0, "redirects_from_plurals": 6.142857142857143, "visual_arts": 6.142857142857143}, "moy_connect_noeud": 5.288888888888889, "size": 31}