{"cluster2": [{"degree_moyen": 4.538461538461538, "degree_max": 17, "degree_min": 1, "noeud_max_degree": "attrape-couleurs", "noeud_min_degree": "Clovis XV", "degree_moyen_connectiv": {"3": 13.333333333333334, "12": 4.666666666666667, "1": 14.5, "7": 8.857142857142858, "14": 6.071428571428571, "4": 10.375, "2": 13.928571428571429, "9": 5.666666666666667, "5": 10.9, "17": 3.823529411764706, "8": 8.875}, "coefficient_clustering": 0.36739632916103504, "degres_voisin_moy": {"Atelier von Michael Diller": 12.333333333333334, "Ladenatelier Scheib": 4.666666666666667, "Clovis XV": 12.0, "Bruit de fond": 9.142857142857142, "Faux Mouvement": 17.0, "Grande Surface": 6.071428571428571, "INTERIOR and the collectors": 11.25, "SHED": 15.5, "URGENT PARADISE": 9.5, "Paradise": 15.5, "BIKINI": 5.666666666666667, "G\u00e4ngeviertel ": 8.571428571428571, "Park": 14.5, "Lieu d'exposition en voie de d\u00e9placement (LEVD)": 11.8, "Super F-97": 7.0, "SOX": 13.0, "DISPLAY": 10.0, "TRIPLA": 13.0, "attrape-couleurs": 3.823529411764706, "Keramikwerkstatt von Wilfriede Maa\u00df": 17.0, "ELA projects": 14.5, "MILLE FEUILLES": 8.875, "Allgirls": 17.0, "Bell Street Project Space": 11.5, "IF": 17.0, "63rd - 77th STEPS": 14.333333333333334}, "shortest_path": 2.0276923076923077, "moy_connect_noeud": 2.249230769230769, "size": 59}], "cluster3": [{"degree_moyen": 3.8461538461538463, "degree_max": 8, "degree_min": 1, "noeud_max_degree": "N\u00e9on ", "noeud_min_degree": "METALAB / RETICULAR", "degree_moyen_connectiv": {"1": 8.0, "8": 4.0625, "2": 6.75, "7": 5.142857142857143, "5": 5.8, "3": 5.666666666666667, "4": 7.0}, "coefficient_clustering": 0.3945054945054945, "degres_voisin_moy": {"METALAB / RETICULAR": 8.0, "Alberta Printmakers (A/P)": 8.0, "N\u00e9on ": 4.125, "Institute for Provocation (IFP) ": 8.0, "L'espace d'en bas": 5.142857142857143, "B\u00fcro Berlin": 5.4, "Atelier Presse Papier": 6.666666666666667, "ECHANGEUR22": 8.0, "3e imp\u00e9rial": 6.2, "Les Ateliers Wonder/Liebert": 4.0, "o zwei": 5.5, "Atelier de l\u2019\u00cele": 7.0, "KABINET": 4.666666666666667}, "shortest_path": 1.8333333333333333, "moy_connect_noeud": 2.2564102564102564, "size": 25}], "cluster4": [{"degree_moyen": 2.75, "degree_max": 8, "degree_min": 1, "noeud_max_degree": "TOPO", "noeud_min_degree": "798 District Limited ", "degree_moyen_connectiv": {"1": 8.0, "2": 8.0, "8": 2.9166666666666665, "3": 8.0}, "coefficient_clustering": 0.1681547619047619, "degres_voisin_moy": {"798 District Limited ": 8.0, "Art Metropole": 8.0, "TRIPODE": 8.0, "apes&castles": 8.0, "TOPO": 2.75, "BLINDSIDE": 8.0, "Fer de Lance": 8.0, "AKA": 8.0, "Artexte": 8.0, "Western Front": 8.0, "Espace 29": 3.375, "VARIAe": 8.0, "ACC/CCA": 2.625, "TCB": 8.0, "e/lAboRaTory": 8.0, "Le g\u00e9n\u00e9rateur": 8.0}, "shortest_path": 2.158333333333333, "moy_connect_noeud": 1.3583333333333334, "size": 22}], "cluster5": [{"degree_moyen": 4.4, "degree_max": 9, "degree_min": 1, "noeud_max_degree": "Closet", "noeud_min_degree": "Duplex100m2", "degree_moyen_connectiv": {"3": 8.0, "1": 7.5, "2": 6.666666666666667, "9": 5.444444444444445, "8": 5.375, "7": 4.714285714285714, "4": 8.5}, "coefficient_clustering": 0.41481481481481475, "degres_voisin_moy": {"La Jet\u00e9e": 8.666666666666666, "Duplex100m2": 8.0, "H+": 5.0, "Closet": 5.444444444444445, "Wohnmaschine": 5.444444444444445, "Galerie de LOCH": 4.875, "CAPSULE 38": 4.714285714285714, "Quellkollektiv": 8.5, "Gallery 44": 7.5, "K\u00fcnstlerhaus am Acker": 8.666666666666666, "L'H du Si\u00e8ge": 5.875, "DAS ESSZIMMER": 7.5, "Zoo Galerie": 6.666666666666667, "Palette Terre": 8.5, "Brain Factory": 7.0}, "shortest_path": 1.9238095238095239, "moy_connect_noeud": 2.580952380952381, "size": 33}], "cluster6": [{"degree_moyen": 1.8461538461538463, "degree_max": 12, "degree_min": 1, "noeud_max_degree": "L\u2019Assaut de la menuiserie", "noeud_min_degree": "La Confection Id\u00e9ale", "degree_moyen_connectiv": {"1": 12.0, "12": 1.0}, "coefficient_clustering": 0.0, "degres_voisin_moy": {"La Confection Id\u00e9ale": 12.0, "MAISON DE L'IMAGE": 12.0, "Collective": 12.0, "Salaisons": 12.0, "Glassbox": 12.0, "Syndicat Potentiel Strasbourg (Le Faubourg)": 12.0, "The Number Shop": 12.0, "L'Oeil de boeuf": 12.0, "Interface appartement /galerie": 12.0, "L\u2019Assaut de la menuiserie": 1.0, "Triangle": 12.0, "Ground": 12.0, "PR\u00c9FACE": 12.0}, "shortest_path": 1.8461538461538463, "moy_connect_noeud": 1.0, "size": 12}], "cluster7": [{"degree_moyen": 2.0, "degree_max": 5, "degree_min": 1, "noeud_max_degree": "ChezKit", "noeud_min_degree": "mezcla", "degree_moyen_connectiv": {"1": 3.75, "5": 1.8, "2": 3.5, "3": 2.6666666666666665}, "coefficient_clustering": 0.17916666666666667, "degres_voisin_moy": {"mezcla": 5.0, "ChezKit": 1.8, "3 137": 5.0, "Zebra3/Buy-sellf": 3.0, "6b": 2.6666666666666665, "Chiffonnier": 2.0, "EDEL EXTRA": 3.0, "table": 4.0}, "shortest_path": 2.0357142857142856, "moy_connect_noeud": 1.1071428571428572, "size": 8}], "cluster8": [{"degree_moyen": 1.3333333333333333, "degree_max": 2, "degree_min": 1, "noeud_max_degree": "MUCHO MAS !", "noeud_min_degree": "221A", "degree_moyen_connectiv": {"1": 2.0, "2": 1.0}, "coefficient_clustering": 0.0, "degres_voisin_moy": {"221A": 2.0, "MUCHO MAS !": 1.0, "Poteaux d'angle": 2.0}, "shortest_path": 1.3333333333333333, "moy_connect_noeud": 1.0, "size": 2}]}