{"degree_moyen": 5.6, "degree_max": 36, "degree_min": 1, "noeud_max_degree": "La salle de bain", "noeud_min_degree": "La Station", "degree_moyen_connectiv": {"3": 17.666666666666668, "5": 11.72, "2": 9.0, "6": 14.944444444444445, "1": 13.0, "14": 12.142857142857142, "11": 11.151515151515152, "36": 6.694444444444445, "13": 12.538461538461538, "7": 14.571428571428571, "12": 11.791666666666666, "22": 9.5, "17": 10.117647058823529, "8": 12.166666666666666, "4": 14.25, "9": 15.666666666666666}, "coefficient_clustering": 0.5404513950102185, "degres_voisin_moy": {"Clovis XV": 19.0, "A-B Projects": 8.0, "Jeune cr\u00e9ation": 18.5, "LIEU-COMMUN": 3.0, "CP5/Collectif Curry Vavart": 15.333333333333334, "La Station": 36.0, "articule": 12.142857142857142, "Ecart": 20.0, "Bruit de fond": 9.636363636363637, "Ed Video": 19.5, "SHED": 2.0, "La salle de bain": 6.694444444444445, "Studio Voltaire": 17.666666666666668, "ATELIER D\u2019ESTAMPE IMAGO": 9.8, "Rectangle": 13.833333333333334, "Gasworks": 22.0, "ARTSPACE": 15.666666666666666, "GRIMMUSEUM": 12.538461538461538, "La Mamelle/Art Com": 3.0, "aceartinc.": 13.714285714285714, "OCTAVE COWBELL": 36.0, "Artexte": 11.166666666666666, "castillo/corrales": 9.5, "TCB": 13.2, "Le Cube \u2013 independent art room": 2.0, "B'Chira Art Center": 18.5, "Le Hall": 1.0, "Western Front": 10.117647058823529, "Atelier Circulaire": 9.8, "METALAB / RETICULAR": 8.0, "e/lAboRaTory": 2.0, "table": 5.0, "The Number Shop": 17.8, "Angle art contemporain": 2.0, "Collective": 13.25, "Theophile's Papers": 15.25, "Straat galerie": 7.5, "La C\u00e9dille qui sourit.": 10.5, "La GAD MARSEILLE": 15.333333333333334, "The Lab": 2.0, "L\u2019Assaut de la menuiserie": 36.0, "221A": 14.166666666666666, "Les Ateliers Wonder/Liebert": 15.333333333333334, "Sonnenstube": 15.666666666666666, "O\u00f9": 13.0, "Zeta Gallery": 17.0, "COHERENT": 10.363636363636363, "C5": 13.25, "artellewa": 11.333333333333334, "Institute for Provocation (IFP) ": 13.454545454545455, "Alberta Printmakers (A/P)": 15.5, "La Jet\u00e9e": 2.0, "La loge": 12.416666666666666, "KINGS Artist Run": 5.0, "ERRATUM": 15.428571428571429, "Rogertator": 3.0, "DEHORS Contemporary Art Window": 10.0, "SEA Foundation": 23.333333333333332, "mezcla": 1.0, "Lieu d'exposition en voie de d\u00e9placement (LEVD)": 17.0}, "moy_connect_noeud": 2.0887005649717514, "size": 168}